City_ID,City,Country,Date,Lat,Lng,Max Temp,Humidity,Cloudiness,Wind Speed
0,Shelburne,CA,2022-07-12 17:23:58,44.0787,-80.2041,72.75,90,87,16.02
1,Tautira,PF,2022-07-12 17:23:58,-17.7333,-149.15,76.12,82,30,18.45
2,Hienghene,NC,2022-07-12 17:21:22,-20.6833,164.9333,71.04,93,92,6.89
3,Ushuaia,AR,2022-07-12 17:23:59,-54.8,-68.3,38.86,81,75,11.5
4,Fortuna,US,2022-07-12 17:23:59,40.5982,-124.1573,59.92,94,100,4.79
5,Chokurdakh,RU,2022-07-12 17:24:00,70.6333,147.9167,47.88,92,100,11.01
6,Umm Lajj,SA,2022-07-12 17:24:00,25.0213,37.2685,90.27,52,69,7.23
7,Lukulu,ZM,2022-07-12 17:24:00,-14.3707,23.242,66.9,33,1,5.64
8,Chuy,UY,2022-07-12 17:24:01,-33.6971,-53.4616,49.8,65,87,11.65
9,Lorengau,PG,2022-07-12 17:24:01,-2.0226,147.2712,81.37,79,91,8.39
10,Vaini,TO,2022-07-12 17:24:01,-21.2,-175.2,71.76,100,40,6.91
11,Sao Filipe,CV,2022-07-12 17:24:02,14.8961,-24.4956,75.24,80,18,7.38
12,Natal,BR,2022-07-12 17:24:02,-5.795,-35.2094,88.02,58,20,16.11
13,Disna,BY,2022-07-12 17:24:02,55.568,28.1971,56.75,86,93,13.94
14,Mataura,NZ,2022-07-12 17:24:03,-46.1927,168.8643,43.48,98,100,4.32
15,Padang,ID,2022-07-12 17:24:03,-0.9492,100.3543,77.54,89,81,5.19
16,Rabak,SD,2022-07-12 17:24:03,13.1809,32.74,84.11,53,100,5.77
17,Ribeira Grande,PT,2022-07-12 17:24:04,38.5167,-28.7,77.4,65,40,12.66
18,Namibe,AO,2022-07-12 17:24:04,-15.1961,12.1522,65.75,79,4,10.96
19,Tiksi,RU,2022-07-12 17:24:05,71.6872,128.8694,34.95,98,100,11.07
20,Sfantu Gheorghe,RO,2022-07-12 17:21:34,45.8667,25.7833,65.93,49,28,6.33
21,Iqaluit,CA,2022-07-12 17:21:57,63.7506,-68.5145,56.93,72,100,5.75
22,Hermanus,ZA,2022-07-12 17:24:05,-34.4187,19.2345,52.81,77,0,11.41
23,Arraial Do Cabo,BR,2022-07-12 17:24:06,-22.9661,-42.0278,87.76,35,0,8.05
24,Rikitea,PF,2022-07-12 17:23:12,-23.1203,-134.9692,74.98,71,67,15.93
25,Punta Arenas,CL,2022-07-12 17:22:27,-53.15,-70.9167,32.11,93,100,4.61
26,Tasiilaq,GL,2022-07-12 17:24:06,65.6145,-37.6368,51.96,89,99,5.46
27,Cerro Punta,PA,2022-07-12 17:24:07,8.85,-82.5667,63.54,76,96,1.79
28,Cidreira,BR,2022-07-12 17:24:07,-30.1811,-50.2056,54.05,73,84,15.93
29,Faanui,PF,2022-07-12 17:24:07,-16.4833,-151.75,78.13,71,3,6.62
30,Vouliagmeni,GR,2022-07-12 17:24:08,37.8167,23.7833,85.44,48,20,12.66
31,Nikolskoye,RU,2022-07-12 17:24:08,59.7035,30.7861,72.88,72,92,6.06
32,Ondangwa,NA,2022-07-12 17:24:08,-17.9167,15.95,66.2,30,0,3.44
33,Aklavik,CA,2022-07-12 17:24:09,68.2191,-135.0107,48.2,93,100,12.66
34,Pathein,MM,2022-07-12 17:24:09,16.7833,94.7333,75.54,94,100,12.26
35,Port Alfred,ZA,2022-07-12 17:24:09,-33.5906,26.891,59.76,69,0,10.83
36,Saskylakh,RU,2022-07-12 17:24:10,71.9167,114.0833,39.74,84,100,10.69
37,Vanavara,RU,2022-07-12 17:24:10,60.34,102.2797,45.46,81,48,3.74
38,Busselton,AU,2022-07-12 17:24:10,-33.65,115.3333,55.98,82,24,6.4
39,New Norfolk,AU,2022-07-12 17:24:11,-42.7826,147.0587,44.1,83,88,1.01
40,Marawi,PH,2022-07-12 17:24:11,7.9986,124.2928,70.38,92,100,3.09
41,Leningradskiy,RU,2022-07-12 17:24:12,69.3833,178.4167,46.53,76,100,5.35
42,Bluff,NZ,2022-07-12 17:24:12,-46.6,168.3333,43.81,92,100,19.37
43,Tezu,IN,2022-07-12 17:24:12,27.9167,96.1667,79.07,88,85,3.98
44,Lixourion,GR,2022-07-12 17:24:13,38.2019,20.4314,82.4,44,0,13.8
45,Tarko-Sale,RU,2022-07-12 17:25:13,64.9225,77.785,53.17,54,21,11.05
46,San Cristobal,VE,2022-07-12 17:25:13,7.7669,-72.225,80.78,70,93,6.33
47,Castro,BR,2022-07-12 17:25:14,-24.7911,-50.0119,66.27,64,86,9.57
48,College,US,2022-07-12 17:22:59,64.8569,-147.8028,64.08,90,75,0.0
49,Constitucion,CL,2022-07-12 17:25:14,-35.3333,-72.4167,52.74,65,100,4.25
50,Entre Rios,BR,2022-07-12 17:21:17,-11.9419,-38.0844,74.66,90,71,8.16
51,Sur,OM,2022-07-12 17:25:15,22.5667,59.5289,86.61,72,75,9.01
52,Jamestown,US,2022-07-12 17:22:03,42.097,-79.2353,82.02,45,40,23.02
53,Yellowknife,CA,2022-07-12 17:25:15,62.456,-114.3525,68.52,73,75,12.66
54,Kalmunai,LK,2022-07-12 17:25:16,7.4167,81.8167,82.13,59,67,9.04
55,Ixtapa,MX,2022-07-12 17:25:16,20.7,-105.2,88.23,70,20,6.91
56,Mar Del Plata,AR,2022-07-12 17:25:16,-38.0023,-57.5575,52.95,59,40,10.36
57,Bengkulu,ID,2022-07-12 17:25:17,-3.8004,102.2655,75.83,91,97,4.12
58,Novobiryusinskiy,RU,2022-07-12 17:25:17,56.9578,97.7076,56.68,59,99,3.04
59,Vostok,RU,2022-07-12 17:25:17,46.4856,135.8833,58.95,96,0,3.09
60,Amnat Charoen,TH,2022-07-12 17:25:18,15.9167,104.75,77.92,89,100,3.83
61,Rantauprapat,ID,2022-07-12 17:25:18,2.1,99.8333,74.14,98,100,2.39
62,Xining,CN,2022-07-12 17:25:18,36.6167,101.7667,59.67,73,52,2.33
63,Bari Sadri,IN,2022-07-12 17:25:19,24.4167,74.4667,83.64,70,12,6.17
64,Andenes,NO,2022-07-12 17:25:19,69.3143,16.1194,66.92,77,0,4.61
65,Korla,CN,2022-07-12 17:25:20,41.7597,86.1469,77.92,29,85,12.59
66,Praia,CV,2022-07-12 17:25:20,14.9215,-23.5087,81.14,69,20,14.97
67,Krasnoselkup,RU,2022-07-12 17:25:20,65.7,82.4667,46.99,65,66,8.66
68,Las Varas,MX,2022-07-12 17:25:21,21.1667,-105.1667,92.68,68,7,5.39
69,Timmins,CA,2022-07-12 17:21:36,48.4669,-81.3331,66.02,55,20,11.5
70,Cape Town,ZA,2022-07-12 17:25:21,-33.9258,18.4232,57.11,85,20,8.05
71,Derac,HT,2022-07-12 17:25:21,19.65,-71.8167,84.15,54,16,11.14
72,Bathsheba,BB,2022-07-12 17:25:22,13.2167,-59.5167,90.21,76,20,23.02
73,Hualmay,PE,2022-07-12 17:25:22,-11.0964,-77.6139,65.62,67,31,7.34
74,Kisangani,CD,2022-07-12 17:25:22,0.5167,25.2,74.41,84,61,3.91
75,Albany,US,2022-07-12 17:23:57,42.6001,-73.9662,86.95,57,47,12.86
76,Turtas,RU,2022-07-12 17:25:23,58.9417,69.1325,63.72,69,71,4.12
77,Bhalki,IN,2022-07-12 17:25:23,18.0333,77.2167,69.03,93,100,19.15
78,Khandbari,NP,2022-07-12 17:25:24,27.3747,87.2039,75.24,93,93,0.25
79,Banda Aceh,ID,2022-07-12 17:25:24,5.5577,95.3222,80.22,72,100,13.06
80,Bredasdorp,ZA,2022-07-12 17:25:24,-34.5322,20.0403,52.02,80,2,3.67
81,Avera,US,2022-07-12 17:25:25,33.194,-82.5271,83.37,63,100,3.62
82,Butaritari,KI,2022-07-12 17:25:25,3.0707,172.7902,81.25,80,94,17.13
83,Longyearbyen,SJ,2022-07-12 17:25:25,78.2186,15.6401,48.04,87,75,9.22
84,Vao,NC,2022-07-12 17:25:26,-22.6667,167.4833,71.04,77,28,13.47
85,Saint George,US,2022-07-12 17:21:18,37.1041,-113.5841,98.8,22,0,6.91
86,Hobart,AU,2022-07-12 17:25:26,-42.8794,147.3294,44.46,85,98,8.05
87,Port Lincoln,AU,2022-07-12 17:25:27,-34.7333,135.8667,52.43,66,53,7.76
88,Dikson,RU,2022-07-12 17:25:27,73.5069,80.5464,39.0,85,17,6.89
89,Chitral,PK,2022-07-12 17:25:28,35.8462,71.7858,79.86,57,8,4.07
90,Bethel,US,2022-07-12 17:21:20,41.3712,-73.414,89.04,60,20,10.36
91,Nemuro,JP,2022-07-12 17:26:28,43.3236,145.575,61.23,96,80,4.03
92,Pontal Do Parana,BR,2022-07-12 17:26:28,-25.6533,-48.5128,82.98,77,85,13.04
93,Cayenne,GF,2022-07-12 17:21:58,4.9333,-52.3333,89.64,8,20,5.75
94,Upernavik,GL,2022-07-12 17:26:29,72.7868,-56.1549,42.06,84,100,4.65
95,Labuhan,ID,2022-07-12 17:26:29,-6.8844,112.2051,77.05,86,38,5.61
96,East London,ZA,2022-07-12 17:26:29,-33.0153,27.9116,52.74,93,0,3.44
97,Hofn,IS,2022-07-12 17:26:30,64.2539,-15.2082,51.46,69,100,15.01
98,Atuona,PF,2022-07-12 17:26:30,-9.8,-139.0333,77.49,76,22,18.12
99,Necochea,AR,2022-07-12 17:26:30,-38.5473,-58.7368,50.65,48,19,14.16
100,Black Forest,US,2022-07-12 17:26:31,39.0131,-104.7008,79.75,47,0,8.05
101,Manaus,BR,2022-07-12 17:22:45,-3.1019,-60.025,91.9,55,20,11.5
102,San Patricio,US,2022-07-12 17:26:31,28.017,-97.5169,97.07,36,6,9.51
103,Souillac,MU,2022-07-12 17:26:32,-20.5167,57.5167,71.98,64,75,16.11
104,Lufilufi,WS,2022-07-12 17:26:32,-13.8745,-171.5986,79.88,78,26,20.89
105,Chegdomyn,RU,2022-07-12 17:26:32,51.1167,133.0167,59.97,87,37,2.08
106,Auki,SB,2022-07-12 17:26:33,-8.7676,160.7034,77.04,86,76,3.56
107,Ponta Do Sol,PT,2022-07-12 17:26:33,32.6667,-17.1,75.0,66,60,6.67
108,Roebourne,AU,2022-07-12 17:26:33,-20.7833,117.1333,66.04,57,4,7.4
109,Thompson,CA,2022-07-12 17:26:34,55.7435,-97.8558,68.16,56,20,8.05
110,Ejido,VE,2022-07-12 17:26:34,8.5514,-71.2375,77.22,71,79,3.2
111,Kapaa,US,2022-07-12 17:26:34,22.0752,-159.319,77.32,79,40,16.11
112,Kodiak,US,2022-07-12 17:26:35,57.79,-152.4072,54.91,94,100,4.61
113,Cherskiy,RU,2022-07-12 17:26:35,68.75,161.3,44.1,74,12,10.33
114,Punta Alta,AR,2022-07-12 17:26:35,-38.8759,-62.0736,53.26,39,97,20.62
115,Mount Isa,AU,2022-07-12 17:26:36,-20.7333,139.5,47.97,43,25,9.22
116,Port Blair,IN,2022-07-12 17:26:36,11.6667,92.75,80.64,94,100,2.3
117,Saint-Francois,FR,2022-07-12 17:26:36,46.4154,3.9054,85.44,28,0,8.05
118,Usinsk,RU,2022-07-12 17:26:37,65.9939,57.5281,73.42,64,70,8.03
119,Udachnyy,RU,2022-07-12 17:26:37,66.4167,112.4,52.45,93,67,3.89
120,Guerrero Negro,MX,2022-07-12 17:26:38,27.9769,-114.0611,71.06,69,91,14.12
121,Kaitangata,NZ,2022-07-12 17:26:38,-46.2817,169.8464,45.37,96,100,15.39
122,Yangjiang,CN,2022-07-12 17:25:09,21.85,111.9667,80.4,89,5,5.23
123,Esperance,AU,2022-07-12 17:26:38,-33.8667,121.9,52.92,56,0,7.45
124,Hobyo,SO,2022-07-12 17:26:39,5.3505,48.5268,77.65,77,90,27.22
125,Saint-Augustin,CA,2022-07-12 17:26:39,51.226,-58.6502,56.21,93,100,11.05
126,Svetlaya,RU,2022-07-12 17:26:39,46.5389,138.3297,61.18,97,96,4.79
127,Kavieng,PG,2022-07-12 17:23:13,-2.5744,150.7967,82.08,76,6,14.38
128,Baracoa,CU,2022-07-12 17:26:40,20.3467,-74.4958,88.48,61,100,5.97
129,Bowen,AU,2022-07-12 17:26:40,-20.0167,148.2333,58.87,77,1,7.61
130,Ilulissat,GL,2022-07-12 17:26:41,69.2167,-51.1,46.42,81,75,5.75
131,Nueva Loja,EC,2022-07-12 17:26:41,0.0847,-76.8828,86.02,62,75,3.44
132,Salinopolis,BR,2022-07-12 17:26:41,-0.6136,-47.3561,83.55,69,87,7.96
133,Richards Bay,ZA,2022-07-12 17:26:42,-28.783,32.0377,67.19,76,97,9.13
134,Jambi,ID,2022-07-12 17:21:52,-1.6,103.6167,75.43,96,67,1.83
135,Comodoro Rivadavia,AR,2022-07-12 17:26:42,-45.8667,-67.5,44.46,57,20,24.16
136,Indian Head,US,2022-07-12 17:26:43,38.6001,-77.1622,92.03,64,0,10.0
137,Guozhen,CN,2022-07-12 17:27:43,34.3659,107.359,70.52,91,100,4.81
138,Puerto Del Rosario,ES,2022-07-12 17:27:43,28.5004,-13.8627,76.75,73,20,19.57
139,Lagunas,PE,2022-07-12 17:27:44,-5.2269,-75.6753,88.25,57,8,1.32
140,Georgetown,MY,2022-07-12 17:27:44,5.4112,100.3354,78.73,91,40,4.61
141,Caravelas,BR,2022-07-12 17:27:44,-17.7125,-39.2481,78.94,55,29,9.42
142,Qaanaaq,GL,2022-07-12 17:27:45,77.484,-69.3632,41.86,71,22,4.81
143,Lebu,CL,2022-07-12 17:27:45,-37.6167,-73.65,49.87,94,100,7.87
144,Kruisfontein,ZA,2022-07-12 17:27:45,-34.0033,24.7314,49.89,81,0,4.23
145,Vila,PT,2022-07-12 17:27:46,42.0304,-8.1588,90.7,29,36,8.61
146,Rudsar,IR,2022-07-12 17:27:46,37.1376,50.288,82.38,65,0,2.28
147,Tuktoyaktuk,CA,2022-07-12 17:27:46,69.4541,-133.0374,41.0,100,100,10.36
148,Sampit,ID,2022-07-12 17:27:47,-2.5333,112.95,74.12,99,24,1.34
149,Beloha,MG,2022-07-12 17:27:47,-25.1667,45.05,64.08,86,0,7.23
150,Nome,US,2022-07-12 17:27:47,64.5011,-165.4064,55.47,72,0,0.0
151,Dunedin,NZ,2022-07-12 17:27:48,-45.8742,170.5036,46.65,96,100,16.55
152,Capreol,CA,2022-07-12 17:27:48,46.706,-80.9225,70.27,52,40,9.22
153,Quatre Cocos,MU,2022-07-12 17:27:48,-20.2078,57.7625,72.09,63,55,17.31
154,Hovd,MN,2022-07-12 17:27:49,48.0056,91.6419,65.75,49,97,11.7
155,Hasaki,JP,2022-07-12 17:27:49,35.7333,140.8333,73.8,93,100,4.21
156,Manta,EC,2022-07-12 17:27:50,-0.95,-80.7333,74.98,83,100,5.75
157,Victoria,HK,2022-07-12 17:26:00,22.2855,114.1577,87.19,82,6,3.0
158,Puerto Ayora,EC,2022-07-12 17:27:50,-0.7393,-90.3518,76.96,82,43,8.01
159,Hilo,US,2022-07-12 17:27:50,19.7297,-155.09,77.61,72,100,3.44
160,Portland,US,2022-07-12 17:23:55,45.5234,-122.6762,82.94,55,0,8.05
161,Oranjemund,NA,2022-07-12 17:27:51,-28.55,16.4333,55.92,81,0,11.63
162,Vilyuysk,RU,2022-07-12 17:27:51,63.7553,121.6247,60.64,84,86,1.14
163,Parabel,RU,2022-07-12 17:27:51,58.6978,81.4825,54.48,62,65,4.34
164,Deputatskiy,RU,2022-07-12 17:27:52,69.3,139.9,48.85,85,39,3.8
165,Ahipara,NZ,2022-07-12 17:27:52,-35.1667,173.1667,57.88,86,11,15.03
166,Ancud,CL,2022-07-12 17:27:53,-41.8697,-73.8203,42.22,67,71,12.21
167,Belaya Gora,RU,2022-07-12 17:27:53,68.5333,146.4167,62.33,80,32,4.63
168,Port Hedland,AU,2022-07-12 17:27:53,-20.3167,118.5667,57.25,58,4,6.91
169,Barrow,US,2022-07-12 17:27:54,71.2906,-156.7887,37.42,87,100,11.5
170,Gaoual,GN,2022-07-12 17:27:54,11.75,-13.2,86.02,72,97,3.24
171,Salta,AR,2022-07-12 17:23:05,-24.7859,-65.4117,57.79,35,0,8.05
172,Atar,MR,2022-07-12 17:27:54,20.5169,-13.0499,110.07,11,39,14.0
173,Agadez,NE,2022-07-12 17:27:55,19.75,10.25,104.92,10,31,11.79
174,Vyritsa,RU,2022-07-12 17:27:55,59.4078,30.3481,71.11,77,83,6.89
175,Vila Velha,BR,2022-07-12 17:27:34,-20.3297,-40.2925,80.55,74,75,13.8
176,Provideniya,RU,2022-07-12 17:27:56,64.3833,-173.3,50.59,80,52,3.91
177,Airai,TL,2022-07-12 17:27:57,-8.9266,125.4092,53.24,91,60,3.0
178,Te Anau,NZ,2022-07-12 17:27:57,-45.4167,167.7167,37.85,99,100,4.21
179,Adre,TD,2022-07-12 17:27:58,13.4667,22.2,78.58,63,91,12.95
180,Balykshi,KZ,2022-07-12 17:27:58,47.0667,51.8667,87.8,23,0,4.47
181,Viedma,AR,2022-07-12 17:27:58,-40.8135,-62.9967,56.84,34,92,27.09
182,Sitka,US,2022-07-12 17:27:59,57.0531,-135.33,53.49,82,75,0.0
183,Anadyr,RU,2022-07-12 17:27:59,64.75,177.4833,57.7,72,0,13.42
184,Albina,SR,2022-07-12 17:29:00,5.5,-54.05,86.9,62,49,3.87
185,Mattru,SL,2022-07-12 17:29:00,7.6244,-11.8332,77.95,90,91,5.01
186,Ust-Maya,RU,2022-07-12 17:29:01,60.4167,134.5333,60.91,99,100,2.86
187,Juegang,CN,2022-07-12 17:29:03,32.3174,121.1855,82.13,83,99,6.58
188,Half Moon Bay,US,2022-07-12 17:29:04,37.4636,-122.4286,77.83,75,75,11.5
189,Ixtlahuacan De Los Membrillos,MX,2022-07-12 17:29:04,20.35,-103.1833,77.29,62,56,2.44
190,Puerto Lleras,CO,2022-07-12 17:29:05,3.0223,-73.4044,80.1,69,74,7.61
191,Colesberg,ZA,2022-07-12 17:29:05,-30.72,25.0972,49.44,41,1,5.19
192,Pacifica,US,2022-07-12 17:29:07,37.6138,-122.4869,75.67,87,40,17.0
193,Saint-Philippe,RE,2022-07-12 17:29:08,-21.3585,55.7679,71.19,74,22,13.09
194,Suining,CN,2022-07-12 17:29:09,30.508,105.5733,82.81,81,100,6.35
195,Buchanan,LR,2022-07-12 17:29:10,5.8808,-10.0467,78.93,79,81,11.9
196,Beringovskiy,RU,2022-07-12 17:29:12,63.05,179.3167,50.7,80,54,8.95
197,Nagyszenas,HU,2022-07-12 17:29:12,46.6833,20.6667,74.98,26,68,11.01
198,Norman Wells,CA,2022-07-12 17:29:14,65.282,-126.8329,66.24,77,75,0.0
199,Pisco,PE,2022-07-12 17:29:15,-13.7,-76.2167,63.01,82,100,4.61
200,Harper,LR,2022-07-12 17:29:16,4.375,-7.7169,77.27,78,99,11.3
201,Husavik,IS,2022-07-12 17:29:16,66.0449,-17.3389,42.84,96,100,19.57
202,Asau,RO,2022-07-12 17:29:18,46.4333,26.4,69.28,54,38,8.81
203,Fecamp,FR,2022-07-12 17:29:19,49.7579,0.3746,87.51,46,94,9.01
204,Boca Do Acre,BR,2022-07-12 17:29:20,-8.7522,-67.3978,96.48,36,44,1.07
205,Zhanaozen,KZ,2022-07-12 17:29:21,43.3,52.8,92.59,15,1,8.41
206,Ust-Uda,RU,2022-07-12 17:29:22,54.1742,103.0304,57.97,75,99,2.21
207,Walvis Bay,NA,2022-07-12 17:29:23,-22.9575,14.5053,58.15,82,2,9.22
208,Hithadhoo,MV,2022-07-12 17:29:24,-0.6,73.0833,82.47,76,42,8.97
209,Topeka,US,2022-07-12 17:29:25,39.0483,-95.678,86.38,46,0,8.05
210,Mega,ET,2022-07-12 17:29:26,4.05,38.3,58.69,65,66,10.94
211,Lowestoft,GB,2022-07-12 17:29:27,52.4752,1.7516,82.65,80,100,4.45
212,Riyadh,SA,2022-07-12 17:29:28,24.6877,46.7219,98.74,10,100,11.27
213,Paracatu,BR,2022-07-12 17:29:29,-17.2222,-46.8747,84.04,25,47,2.26
214,Avarua,CK,2022-07-12 17:28:22,-21.2078,-159.775,64.45,88,20,1.14
215,Pangnirtung,CA,2022-07-12 17:29:31,66.1451,-65.7125,48.2,100,100,3.44
216,Paracuru,BR,2022-07-12 17:29:32,-3.41,-39.0306,82.11,66,43,13.49
217,Port Hardy,CA,2022-07-12 17:29:34,50.6996,-127.4199,57.38,88,75,6.91
218,Porto Novo,BJ,2022-07-12 17:27:41,6.4965,2.6036,76.82,76,91,10.22
219,Bang Sai,TH,2022-07-12 17:29:35,14.2124,100.4966,80.02,84,100,9.98
220,Carnarvon,AU,2022-07-12 17:28:51,-24.8667,113.6333,65.97,66,0,1.88
221,Toccoa,US,2022-07-12 17:27:39,34.5773,-83.3324,86.45,68,0,0.0
222,Geraldton,AU,2022-07-12 17:29:38,-28.7667,114.6,54.01,71,59,0.0
223,Ambilobe,MG,2022-07-12 17:29:39,-13.2,49.05,74.43,64,38,7.74
224,Tual,ID,2022-07-12 17:29:40,-5.6667,132.75,78.84,83,100,19.24
225,Haines Junction,CA,2022-07-12 17:29:42,60.7522,-137.5108,46.35,93,100,0.0
226,Mumford,GH,2022-07-12 17:29:43,5.2618,-0.759,76.6,80,84,11.45
227,Lima,PE,2022-07-12 17:26:15,-12.0432,-77.0282,61.05,72,100,8.05
228,Gardez,AF,2022-07-12 17:30:46,33.5974,69.2259,72.12,58,49,3.85
229,Lodja,CD,2022-07-12 17:30:47,-3.4833,23.4333,84.31,29,68,0.51
230,Bara,NG,2022-07-12 17:30:47,10.3744,10.7288,84.51,58,92,4.83
231,Clyde River,CA,2022-07-12 17:30:48,70.4692,-68.5914,44.83,76,75,3.44
232,Obreja,RO,2022-07-12 17:30:49,45.4833,22.25,63.48,53,93,3.22
233,Tiradentes,BR,2022-07-12 17:30:50,-21.1103,-44.1781,75.61,28,84,10.27
234,Nuuk,GL,2022-07-12 17:30:50,64.1835,-51.7216,43.41,87,75,16.11
235,Khatanga,RU,2022-07-12 17:30:51,71.9667,102.5,37.74,90,100,8.48
236,Solone,UA,2022-07-12 17:30:51,48.2081,34.8721,67.82,44,76,6.96
237,Ayan,RU,2022-07-12 17:30:51,56.45,138.1667,57.43,99,99,5.86
238,Cabo San Lucas,MX,2022-07-12 17:26:03,22.8909,-109.9124,93.18,63,20,4.61
239,Crato,BR,2022-07-12 17:30:03,-7.2342,-39.4094,89.31,43,0,11.5
240,Bjornevatn,NO,2022-07-12 17:30:52,69.6672,29.9847,73.74,43,0,8.05
241,Chapais,CA,2022-07-12 17:30:52,49.7834,-74.8492,62.38,78,100,8.34
242,Kirovskiy,RU,2022-07-12 17:30:53,45.0917,133.5136,64.04,95,0,2.04
243,Yerbogachen,RU,2022-07-12 17:30:54,61.2767,108.0108,41.34,86,25,2.19
244,Margate,GB,2022-07-12 17:30:54,51.3813,1.3862,79.7,50,100,3.0
245,Kavaratti,IN,2022-07-12 17:30:55,10.5669,72.642,81.59,82,100,17.94
246,Kuliyapitiya,LK,2022-07-12 17:30:55,7.4688,80.0401,82.08,86,76,8.84
247,Klaksvik,FO,2022-07-12 17:30:55,62.2266,-6.589,50.92,87,100,31.9
248,Sokolo,ML,2022-07-12 17:30:56,14.7328,-6.1219,100.9,24,30,8.34
249,Chernyshevskiy,RU,2022-07-12 17:30:56,63.0128,112.4714,41.7,83,72,4.5
250,Uruzgan,AF,2022-07-12 17:30:58,32.8333,66.0,81.52,13,0,3.58
251,Tiarei,PF,2022-07-12 17:30:58,-17.5333,-149.3333,71.62,79,17,15.79
252,Krasnyy Yar,RU,2022-07-12 17:30:59,46.5331,48.3456,82.33,44,68,8.66
253,Lucapa,AO,2022-07-12 17:31:00,-8.4192,20.7447,74.28,26,5,2.24
254,Ossora,RU,2022-07-12 17:31:00,59.2353,163.0719,59.81,86,12,2.21
255,Alofi,NU,2022-07-12 17:31:01,-19.0595,-169.9187,75.09,83,67,6.91
256,Tobane,BW,2022-07-12 17:31:02,-21.95,27.9,63.21,39,4,8.25
257,San Bartolo,MX,2022-07-12 17:31:02,19.1833,-100.05,68.36,61,58,4.27
258,Masvingo,ZW,2022-07-12 17:31:02,-20.0637,30.8277,61.21,49,21,9.6
259,Gazli,UZ,2022-07-12 17:31:03,40.1333,63.45,88.75,21,0,17.83
260,Paamiut,GL,2022-07-12 17:31:03,61.994,-49.6678,40.68,95,75,12.77
261,Talnakh,RU,2022-07-12 17:31:04,69.4865,88.3972,47.21,65,96,10.76
262,Belaya Rechka,RU,2022-07-12 17:31:04,43.4381,43.535,70.23,73,100,4.47
263,Siilinjarvi,FI,2022-07-12 17:31:05,63.0833,27.6667,73.42,68,0,3.44
264,Aksu,CN,2022-07-12 17:31:06,41.1231,80.2644,76.26,29,53,7.25
265,Mercedes,AR,2022-07-12 17:31:07,-34.6515,-59.4307,53.85,37,16,7.56
266,Osa,RU,2022-07-12 17:31:08,57.2829,55.4567,66.65,94,42,5.86
267,Codrington,AU,2022-07-12 17:31:08,-38.2667,141.9667,47.05,68,35,9.1
268,Pevek,RU,2022-07-12 17:31:10,69.7008,170.3133,39.06,93,100,13.09
269,Havoysund,NO,2022-07-12 17:28:44,70.9963,24.6622,59.23,72,80,11.23
270,Acari,PE,2022-07-12 17:31:10,-15.4311,-74.6158,71.06,57,56,9.01
271,Yar-Sale,RU,2022-07-12 17:31:10,66.8333,70.8333,47.84,64,99,7.09
272,Yuci,CN,2022-07-12 17:32:11,37.6803,112.7319,71.35,83,100,2.24
273,Seminole,US,2022-07-12 17:32:12,28.7086,-81.2081,95.27,61,40,12.66
274,Vila Praia De Ancora,PT,2022-07-12 17:32:13,41.811,-8.8526,84.22,47,27,7.38
275,Iberia,US,2022-07-12 17:32:14,29.9502,-91.7507,94.96,59,40,6.91
276,Luderitz,NA,2022-07-12 17:32:14,-26.6481,15.1594,58.98,66,0,15.99
277,Camacupa,AO,2022-07-12 17:32:15,-12.0167,17.4833,62.76,30,2,2.35
278,Okhotsk,RU,2022-07-12 17:32:16,59.3833,143.3,57.7,94,98,8.08
279,Farah,AF,2022-07-12 17:32:16,32.5,62.5,87.19,11,0,5.1
280,Opmeer,NL,2022-07-12 17:32:17,52.7067,4.9444,79.0,62,99,1.99
281,Calbuco,CL,2022-07-12 17:32:18,-41.768,-73.1273,40.21,74,96,10.2
282,Cockburn Town,TC,2022-07-12 17:32:18,21.4612,-71.1419,82.31,78,7,16.2
283,Oktyabrskiy,RU,2022-07-12 17:32:19,54.4815,53.471,68.23,84,97,2.57
284,Mareeba,AU,2022-07-12 17:32:19,-17.0,145.4333,56.12,95,8,2.75
285,Avila,ES,2022-07-12 17:32:19,40.5833,-5.0,92.64,32,83,10.2
286,Oga,IT,2022-07-12 17:32:20,46.4631,10.347,70.48,46,29,6.44
287,Touros,BR,2022-07-12 17:32:21,-5.1989,-35.4608,81.68,69,39,15.57
288,Chumikan,RU,2022-07-12 17:32:22,54.7183,135.315,54.39,99,100,1.9
289,Port Elizabeth,ZA,2022-07-12 17:32:23,-33.918,25.5701,53.31,91,0,2.3
290,Muzhi,RU,2022-07-12 17:32:24,65.3667,64.6667,61.07,85,99,4.34
291,Burgeo,CA,2022-07-12 17:30:07,47.6167,-57.6152,61.07,81,48,12.28
292,Buala,SB,2022-07-12 17:32:27,-8.145,159.5921,79.9,83,76,7.94
293,Darhan,MN,2022-07-12 17:32:28,49.4867,105.9228,57.92,78,10,3.4
294,Afua,BR,2022-07-12 17:32:29,-0.1567,-50.3867,85.68,63,56,4.14
295,Camacha,PT,2022-07-12 17:32:30,33.0833,-16.3333,69.22,64,20,12.66
296,Araouane,ML,2022-07-12 17:32:31,18.9048,-3.5265,105.44,16,9,12.88
297,Puerto Escondido,MX,2022-07-12 17:29:07,15.85,-97.0667,85.03,70,40,5.75
298,Vinderup,DK,2022-07-12 17:32:32,56.4752,8.7908,68.41,81,100,10.58
299,Sao Joao Da Barra,BR,2022-07-12 17:32:32,-21.6403,-41.0511,87.89,72,44,15.77
300,Inhambane,MZ,2022-07-12 17:32:33,-23.865,35.3833,67.98,94,20,3.44
301,Shingu,JP,2022-07-12 17:32:33,33.7333,135.9833,75.09,90,99,4.32
302,Panguna,PG,2022-07-12 17:32:34,-6.3164,155.4848,67.21,92,5,2.33
303,Lompoc,US,2022-07-12 17:32:34,34.6391,-120.4579,74.01,72,40,5.75
304,Tiznit,MA,2022-07-12 17:32:35,29.5833,-9.5,81.72,43,45,6.69
305,Yoichi,JP,2022-07-12 17:32:37,43.2039,140.7703,69.08,97,100,5.1
306,Salvador,SV,2022-07-12 17:32:22,13.8333,-88.9167,83.05,58,93,2.3
307,Lata,PT,2022-07-12 17:32:38,40.1629,-8.3327,95.43,19,97,6.67
308,Itarema,BR,2022-07-12 17:32:40,-2.9248,-39.9167,84.11,67,43,16.02
309,Mahanje,TZ,2022-07-12 17:32:40,-9.9333,35.3333,63.66,63,93,2.26
310,Kenai,US,2022-07-12 17:32:42,60.5544,-151.2583,59.02,86,100,5.75
311,Dire Dawa,ET,2022-07-12 17:32:42,9.5931,41.8661,71.31,68,57,11.52
312,Poniatowa,PL,2022-07-12 17:32:44,51.1798,22.1309,59.95,75,100,13.2
313,Massaguet,TD,2022-07-12 17:32:44,12.4755,15.4365,92.62,36,79,6.06
314,Yelizovo,RU,2022-07-12 17:27:47,53.1873,158.3805,59.14,100,100,2.24
315,Morondava,MG,2022-07-12 17:32:45,-20.2833,44.2833,73.11,70,1,16.33
316,Orlik,RU,2022-07-12 17:33:46,52.5178,99.825,48.2,91,43,1.54
317,Mizque,BO,2022-07-12 17:33:47,-17.941,-65.3402,71.82,45,95,10.54
318,Sile,TR,2022-07-12 17:33:50,41.1754,29.6133,74.57,58,0,4.0
319,Yulara,AU,2022-07-12 17:33:50,-25.2406,130.9889,45.14,68,0,8.95
320,Nantucket,US,2022-07-12 17:33:51,41.2835,-70.0995,78.91,84,0,18.41
321,Tunceli,TR,2022-07-12 17:33:52,39.1083,39.5471,77.72,36,1,5.28
322,Key West,US,2022-07-12 17:29:34,24.5557,-81.7826,95.0,61,20,8.05
323,Talakan,RU,2022-07-12 17:33:53,50.3167,130.3667,63.36,82,28,4.5
324,Juba,SS,2022-07-12 17:33:54,4.8517,31.5825,74.23,78,91,4.25
325,Ende,ID,2022-07-12 17:33:55,-8.8432,121.6623,72.68,82,76,5.35
326,Narsaq,GL,2022-07-12 17:31:41,60.9167,-46.05,55.62,72,46,8.84
327,Nagua,DO,2022-07-12 17:33:55,19.3832,-69.8474,89.91,70,20,6.91
328,Valdivia,CL,2022-07-12 17:31:22,-39.8142,-73.2459,50.09,82,99,4.18
329,Sorland,NO,2022-07-12 17:33:55,67.667,12.6934,58.86,84,71,9.08
330,Verkhnevilyuysk,RU,2022-07-12 17:33:56,63.4453,120.3167,61.54,78,80,1.25
331,Tabou,CI,2022-07-12 17:33:56,4.423,-7.3528,76.69,79,99,10.16
332,Bocas Del Toro,PA,2022-07-12 17:33:57,9.3333,-82.25,82.08,77,75,14.54
333,Stornoway,GB,2022-07-12 17:33:57,58.2093,-6.3865,55.92,79,75,14.97
334,Khagaria,IN,2022-07-12 17:33:58,25.5,86.4833,89.2,57,53,10.6
335,Innisfail,AU,2022-07-12 17:30:07,-17.5333,146.0333,60.13,92,5,5.21
336,Itoman,JP,2022-07-12 17:33:59,26.1247,127.6694,82.42,89,52,6.91
337,Poum,NC,2022-07-12 17:33:59,-20.2333,164.0167,72.82,84,97,6.06
338,Soyo,AO,2022-07-12 17:33:50,-6.1349,12.3689,70.32,87,55,8.37
339,Matagami,CA,2022-07-12 17:32:33,49.7502,-77.6328,68.11,60,40,17.27
340,Carutapera,BR,2022-07-12 17:32:32,-1.195,-46.02,84.52,68,37,8.19
341,Hue,VN,2022-07-12 17:29:31,16.4667,107.6,80.71,94,20,2.3
342,Izhma,RU,2022-07-12 17:34:00,65.0083,53.9113,72.45,66,52,3.96
343,Quelimane,MZ,2022-07-12 17:34:00,-17.8786,36.8883,73.35,83,75,5.75
344,Scarborough,GB,2022-07-12 17:34:01,54.2797,-0.4044,76.57,60,96,1.99
345,Pochutla,MX,2022-07-12 17:34:01,15.7432,-96.4661,89.42,57,90,5.46
346,Smithers,CA,2022-07-12 17:30:12,54.7804,-127.1743,53.92,76,75,3.44
347,Dakar,SN,2022-07-12 17:34:01,14.6937,-17.4441,90.48,70,40,11.5
348,Nanakuli,US,2022-07-12 17:34:02,21.3906,-158.1547,77.11,69,40,9.22
349,Quesnel,CA,2022-07-12 17:29:43,52.9999,-122.5029,59.5,88,40,8.05
350,Biak,ID,2022-07-12 17:29:55,-0.9131,122.8766,74.82,92,99,5.82
351,Trud,BG,2022-07-12 17:34:03,42.2333,24.7333,75.42,31,20,9.22
352,Kloulklubed,PW,2022-07-12 17:31:20,7.0419,134.2556,73.9,70,86,2.06
353,Sakakah,SA,2022-07-12 17:34:05,29.9697,40.2064,101.77,13,54,10.71
354,Gobabis,NA,2022-07-12 17:34:05,-22.45,18.9667,59.97,28,0,11.1
355,Avondale,US,2022-07-12 17:32:01,33.4356,-112.3496,105.94,21,20,8.05
356,Leon,MX,2022-07-12 17:34:05,21.1167,-101.6667,82.15,46,43,3.27
357,Vila Franca Do Campo,PT,2022-07-12 17:34:06,37.7167,-25.4333,76.19,87,66,10.04
358,Arcoverde,BR,2022-07-12 17:34:06,-8.4189,-37.0539,79.66,54,57,9.42
359,Weihe,CN,2022-07-12 17:34:07,32.9952,105.3247,65.91,97,100,4.76
360,Issia,CI,2022-07-12 17:34:08,6.4922,-6.5856,73.98,96,91,4.99
361,Pak Chong,TH,2022-07-12 17:34:09,14.708,101.4161,75.81,91,93,6.22
362,Betul,IN,2022-07-12 17:35:09,21.9153,77.8961,72.72,97,100,11.52
363,Kahului,US,2022-07-12 17:31:14,20.8947,-156.47,77.85,65,20,8.01
364,Flinders,AU,2022-07-12 17:35:11,-34.5833,150.8552,47.37,84,98,1.99
365,Cururupu,BR,2022-07-12 17:35:11,-1.8283,-44.8683,85.42,59,56,6.96
366,Rawson,AR,2022-07-12 17:35:13,-43.3002,-65.1023,52.41,33,64,19.84
367,Kununurra,AU,2022-07-12 17:33:01,-15.7667,128.7333,66.18,15,3,13.8
368,Morant Bay,JM,2022-07-12 17:35:15,17.8815,-76.4093,92.71,71,67,14.34
369,Bamiantong,CN,2022-07-12 17:35:15,44.9333,130.5333,64.47,94,1,2.75
370,Naze,JP,2022-07-12 17:35:16,28.3667,129.4833,77.92,86,84,6.15
371,Jaque,PA,2022-07-12 17:35:17,7.5175,-78.1703,79.99,85,78,7.76
372,Moose Factory,CA,2022-07-12 17:35:18,51.2585,-80.6094,64.38,59,20,16.11
373,Nhulunbuy,AU,2022-07-12 17:35:19,-12.2333,136.7667,70.41,68,15,12.66
374,Wajima,JP,2022-07-12 17:35:19,37.4,136.9,74.55,91,22,8.61
375,Taltal,CL,2022-07-12 17:35:20,-25.4,-70.4833,64.69,59,1,4.36
376,Mehamn,NO,2022-07-12 17:35:20,71.0357,27.8492,64.35,63,0,2.3
377,Nicoya,CR,2022-07-12 17:35:21,10.1483,-85.452,83.93,75,57,1.77
378,Lagoa,PT,2022-07-12 17:35:22,39.05,-27.9833,70.11,91,53,10.18
379,Havelock,US,2022-07-12 17:31:36,34.8791,-76.9013,89.55,77,89,5.99
380,Pio Ix,BR,2022-07-12 17:35:23,-6.8375,-40.5792,90.25,31,100,7.52
381,Meulaboh,ID,2022-07-12 17:35:23,4.1363,96.1285,77.7,80,100,6.31
382,Mandalgarh,IN,2022-07-12 17:35:24,25.2,75.1,84.34,72,63,3.15
383,Sirjan,IR,2022-07-12 17:35:24,29.452,55.6814,81.41,9,15,18.14
384,Sarangpur,IN,2022-07-12 17:35:24,23.5667,76.4667,83.73,74,92,6.76
385,Kuching,MY,2022-07-12 17:35:25,1.55,110.3333,77.22,100,20,2.3
386,Shieli,KZ,2022-07-12 17:35:25,44.1667,66.75,82.51,28,41,8.75
387,San Quintin,MX,2022-07-12 17:35:26,30.4833,-115.95,71.62,67,68,13.96
388,Chabahar,IR,2022-07-12 17:35:27,25.2919,60.643,84.31,84,17,8.57
389,Harbour Breton,CA,2022-07-12 17:35:27,47.4833,-55.7983,60.42,73,73,10.58
390,Indianola,US,2022-07-12 17:31:52,41.3581,-93.5574,83.88,62,0,11.81
391,Puerto Palomas,MX,2022-07-12 17:35:28,31.7667,-107.6167,93.58,22,44,7.85
392,Coahuayana,MX,2022-07-12 17:35:28,18.7333,-103.6833,90.57,54,71,6.11
393,Penalva,BR,2022-07-12 17:35:28,-3.2942,-45.1736,84.0,72,47,2.24
394,Zaraza,VE,2022-07-12 17:35:29,9.3503,-65.3245,75.88,79,100,4.63
395,Tres Arroyos,AR,2022-07-12 17:35:29,-38.3739,-60.2798,52.09,38,83,15.88
396,Bilibino,RU,2022-07-12 17:35:30,68.0546,166.4372,66.94,88,73,6.8
397,The Valley,AI,2022-07-12 17:35:31,18.217,-63.0578,87.66,66,20,14.97
398,Terney,RU,2022-07-12 17:35:31,45.0503,136.6092,63.5,97,94,5.61
399,Shevchenkove,UA,2022-07-12 17:35:31,49.6959,37.1735,63.34,57,47,1.52
400,Corvallis,US,2022-07-12 17:30:46,44.5646,-123.262,81.59,57,0,5.75
401,Gulbene,LV,2022-07-12 17:35:32,57.1777,26.7529,61.54,86,44,6.53
402,Bayir,TR,2022-07-12 17:35:32,37.2687,28.2167,81.12,37,1,9.19
403,Miri,MY,2022-07-12 17:35:33,4.4148,114.0089,77.14,94,40,3.44
404,Laguna,US,2022-07-12 17:35:33,38.421,-121.4238,92.95,49,0,9.22
405,Fairbanks,US,2022-07-12 17:31:53,64.8378,-147.7164,64.6,89,75,0.0
406,La Baule-Escoublac,FR,2022-07-12 17:35:34,47.2922,-2.364,92.86,42,0,10.36
407,Zhumadian,CN,2022-07-12 17:35:35,32.9794,114.0294,80.26,87,65,5.44
408,Lichinga,MZ,2022-07-12 17:35:35,-13.3128,35.2406,59.09,72,75,8.05
409,Caluquembe,AO,2022-07-12 17:36:36,-13.7833,14.6833,61.21,29,3,3.13
410,Axim,GH,2022-07-12 17:36:37,4.8699,-2.2405,76.26,79,85,9.15
411,Jerez,GT,2022-07-12 17:36:38,14.1,-89.75,81.05,61,0,4.61
412,Piranhas,BR,2022-07-12 17:36:39,-16.4269,-51.8222,89.8,24,10,5.61
413,Grindavik,IS,2022-07-12 17:36:40,63.8424,-22.4338,55.35,66,75,19.57
414,Miandrivazo,MG,2022-07-12 17:36:41,-19.5167,45.4667,71.29,41,0,1.43
415,Selizharovo,RU,2022-07-12 17:36:41,56.8519,33.4487,58.87,90,11,5.91
416,Sistranda,NO,2022-07-12 17:36:42,63.7256,8.834,58.96,91,100,20.56
417,Vung Tau,VN,2022-07-12 17:36:42,10.346,107.0843,77.4,91,100,20.33
418,Harnosand,SE,2022-07-12 17:36:43,62.6323,17.9379,71.62,67,16,7.61
419,Srednekolymsk,RU,2022-07-12 17:36:44,67.45,153.6833,64.8,52,73,5.12
420,Yarmouth,US,2022-07-12 17:36:44,41.7057,-70.2286,82.87,73,20,18.41
421,Ucluelet,CA,2022-07-12 17:36:44,48.9329,-125.5528,61.11,84,44,5.99
422,Dalen,NL,2022-07-12 17:36:45,52.6992,6.7556,80.06,67,100,1.01
423,Camalu,MX,2022-07-12 17:36:45,30.85,-116.0667,73.04,63,67,10.54
424,Mount Gambier,AU,2022-07-12 17:35:27,-37.8333,140.7667,41.47,91,17,2.51
425,Molokovo,RU,2022-07-12 17:36:47,58.1661,36.7628,64.33,94,35,6.33
426,Longford,IE,2022-07-12 17:36:47,53.7333,-7.8,62.73,74,96,8.48
427,Amapa,BR,2022-07-12 17:36:47,1.0,-52.0,88.3,52,66,5.01
428,Bundaberg,AU,2022-07-12 17:36:48,-24.85,152.35,51.22,99,75,5.75
429,Nuevo Progreso,MX,2022-07-12 17:36:48,23.1667,-97.95,95.54,49,100,5.99
430,Parfenyevo,RU,2022-07-12 17:36:49,58.484,43.4088,66.11,86,100,6.78
431,Inuvik,CA,2022-07-12 17:36:49,68.3499,-133.7218,45.36,97,100,9.22
432,Chau Doc,VN,2022-07-12 17:36:50,10.7,105.1167,74.97,95,100,17.98
433,Hermiston,US,2022-07-12 17:36:51,45.8404,-119.2895,89.82,39,0,0.0
434,Juliaca,PE,2022-07-12 17:36:51,-15.5,-70.1333,57.18,23,0,4.61
435,Palencia,ES,2022-07-12 17:36:52,42.4167,-4.5,97.92,18,16,13.44
436,Westport,US,2022-07-12 17:36:44,41.1415,-73.3579,90.63,57,0,16.11
437,Cacoal,BR,2022-07-12 17:36:00,-11.4386,-61.4472,96.42,26,6,2.89
438,Tommot,RU,2022-07-12 17:36:54,58.9564,126.2925,56.01,94,38,1.72
439,Kaeo,NZ,2022-07-12 17:36:55,-35.1,173.7833,54.32,96,19,12.3
440,Karratha,AU,2022-07-12 17:36:55,-20.7377,116.8463,65.62,59,3,8.39
441,Ialibu,PG,2022-07-12 17:36:56,-6.2821,143.9935,54.14,97,79,1.45
442,Denizli,TR,2022-07-12 17:36:56,37.8402,29.0698,80.6,38,1,7.87
443,Baturaja,ID,2022-07-12 17:36:56,-4.1333,104.1667,72.61,98,63,2.44
444,Kemijarvi,FI,2022-07-12 17:36:57,66.7131,27.4306,67.41,73,98,5.41
445,Tessalit,ML,2022-07-12 17:36:57,20.1986,1.0114,100.4,19,66,11.65
446,Launceston,AU,2022-07-12 17:36:58,-41.45,147.1667,44.62,89,40,9.22
447,Hargeysa,SO,2022-07-12 17:36:59,9.56,44.065,72.16,53,15,25.48
448,Taoudenni,ML,2022-07-12 17:36:59,22.6783,-3.9836,113.83,8,60,12.12
449,Sines,PT,2022-07-12 17:36:59,37.9562,-8.8698,82.29,47,100,5.37
450,Venice,US,2022-07-12 17:37:00,27.0998,-82.4543,94.26,64,0,11.5
451,Tambovka,RU,2022-07-12 17:37:00,50.0969,128.0489,64.74,79,78,6.29
452,Acarau,BR,2022-07-12 17:37:01,-2.8856,-40.12,84.25,68,46,16.13
453,Isangel,VU,2022-07-12 17:34:10,-19.55,169.2667,75.47,89,18,7.14
454,Stykkisholmur,IS,2022-07-12 17:37:01,65.0757,-22.7297,46.26,78,100,14.52
455,Kirakira,SB,2022-07-12 17:37:01,-10.4544,161.9205,80.37,81,68,8.34
456,Zhuhai,CN,2022-07-12 17:37:02,22.2769,113.5678,84.85,84,20,6.91
457,Guanica,PR,2022-07-12 17:37:02,17.9716,-66.908,92.53,68,6,16.35
458,Tuatapere,NZ,2022-07-12 17:38:03,-46.1333,167.6833,42.31,97,100,5.19
459,Acajutla,SV,2022-07-12 17:38:03,13.5928,-89.8275,85.33,69,83,8.99
460,Terrace Bay,CA,2022-07-12 17:38:04,48.7834,-87.1,57.74,60,100,4.79
461,Solvychegodsk,RU,2022-07-12 17:38:05,61.3305,46.9156,67.59,94,72,6.4
462,Pontes E Lacerda,BR,2022-07-12 17:38:05,-15.2261,-59.3353,82.85,44,73,7.25
463,La Paz,BO,2022-07-12 17:33:07,-16.5,-68.15,58.98,24,75,8.05
464,Nagapattinam,IN,2022-07-12 17:38:07,10.7667,79.8333,84.04,58,100,17.2
465,Torbay,CA,2022-07-12 17:35:32,47.6666,-52.7314,74.88,46,75,13.8
466,Tubuala,PA,2022-07-12 17:38:08,9.5167,-79.0333,79.79,83,100,2.8
467,Desaguadero,PE,2022-07-12 17:38:09,-16.5656,-69.0417,54.54,34,96,15.21
468,Petropavlovsk-Kamchatskiy,RU,2022-07-12 17:38:09,53.0452,158.6483,57.79,100,100,2.24
469,Formosa Do Rio Preto,BR,2022-07-12 17:38:09,-11.0483,-45.1931,91.53,21,15,5.57
470,Iranshahr,IR,2022-07-12 17:38:10,27.2025,60.6848,100.74,10,63,4.61
471,Kourou,GF,2022-07-12 17:38:10,5.1552,-52.6478,89.65,69,67,6.46
472,Grants Pass,US,2022-07-12 17:37:13,42.439,-123.3284,91.18,39,0,6.91
473,Umba,RU,2022-07-12 17:38:11,66.6871,34.3429,62.82,92,90,3.6
474,Lamar,US,2022-07-12 17:38:11,33.6668,-95.5836,100.98,46,0,10.36
475,Lazaro Cardenas,MX,2022-07-12 17:38:11,17.9583,-102.2,86.63,65,79,6.2
476,Mahebourg,MU,2022-07-12 17:38:12,-20.4081,57.7,72.25,64,75,16.11
477,Bambous Virieux,MU,2022-07-12 17:38:12,-20.3428,57.7575,72.21,64,75,16.11
478,Zhigansk,RU,2022-07-12 17:38:12,66.7697,123.3711,55.38,93,68,5.73
479,Katsuura,JP,2022-07-12 17:38:13,35.1333,140.3,74.93,92,97,5.95
480,Lodwar,KE,2022-07-12 17:38:13,3.1191,35.5973,86.27,35,6,8.14
481,Quetta,PK,2022-07-12 17:38:14,30.199,67.0097,79.45,58,24,4.18
482,Tanete,ID,2022-07-12 17:38:14,-3.9443,119.7848,75.45,88,98,6.2
483,Prince Rupert,CA,2022-07-12 17:38:15,54.3161,-130.3201,55.49,85,75,13.8
484,Jacareacanga,BR,2022-07-12 17:38:15,-6.2222,-57.7528,98.08,28,26,1.92
485,Guadalajara,MX,2022-07-12 17:37:43,20.6667,-103.3333,77.99,70,40,0.0
486,Iquique,CL,2022-07-12 17:34:19,-20.2208,-70.1431,60.84,70,39,3.24
487,Chifeng,CN,2022-07-12 17:38:17,42.2683,118.9636,68.34,89,92,3.27
488,Kabo,CF,2022-07-12 17:38:17,7.6994,18.629,69.75,96,100,4.09
489,High Level,CA,2022-07-12 17:38:18,58.5169,-117.136,69.91,43,20,11.5
490,Lavrentiya,RU,2022-07-12 17:37:56,65.5833,-171.0,45.95,85,79,4.27
491,Tarauaca,BR,2022-07-12 17:37:55,-8.1614,-70.7656,89.96,46,21,3.4
492,Capelinha,BR,2022-07-12 17:38:18,-17.6914,-42.5158,79.9,33,73,2.28
493,Gorom-Gorom,BF,2022-07-12 17:38:19,14.4439,-0.2361,100.62,24,6,7.65
494,Falun,SE,2022-07-12 17:38:19,60.6036,15.626,75.22,45,37,3.31
495,Nanortalik,GL,2022-07-12 17:38:20,60.1432,-45.2371,43.57,85,82,10.07
496,Gatesville,US,2022-07-12 17:34:08,31.4352,-97.7439,102.74,35,20,8.61
497,Ekhabi,RU,2022-07-12 17:38:20,53.5102,142.9671,53.56,84,8,11.74
498,Miami,US,2022-07-12 17:34:28,25.7743,-80.1937,95.0,64,75,11.99
499,Sioux Lookout,CA,2022-07-12 17:38:21,50.1001,-91.917,69.87,73,75,6.91
500,Bani,DO,2022-07-12 17:38:21,18.2833,-70.3333,87.85,57,18,14.5
501,Ust-Nera,RU,2022-07-12 17:38:21,64.5667,143.2,68.97,62,100,3.74
502,Lincoln,US,2022-07-12 17:35:29,40.8,-96.667,86.29,43,0,10.36
503,Bam,IR,2022-07-12 17:38:22,29.106,58.357,90.23,9,3,19.37
504,Bonavista,CA,2022-07-12 17:38:23,48.6499,-53.1147,63.68,56,100,16.35
505,Skjervoy,NO,2022-07-12 17:39:24,70.0311,20.9714,68.0,84,32,2.73
506,Novaya Igirma,RU,2022-07-12 17:39:25,57.1334,103.9112,49.41,95,68,0.96
507,Boyolangu,ID,2022-07-12 17:39:26,-8.1181,111.8935,74.01,93,84,1.81
508,Mandalgovi,MN,2022-07-12 17:39:26,45.7625,106.2708,55.06,70,0,12.59
509,Dvubratskiy,RU,2022-07-12 17:39:27,45.2389,39.805,73.87,57,99,3.49
510,Orocue,CO,2022-07-12 17:39:27,4.7912,-71.3354,82.35,74,56,7.63
511,Inta,RU,2022-07-12 17:39:28,66.0317,60.1659,68.7,63,83,8.21
512,Brownwood,US,2022-07-12 17:39:29,31.7093,-98.9912,102.2,30,20,5.75
513,Sorong,ID,2022-07-12 17:39:29,-0.8833,131.25,75.9,92,100,6.51
514,Razole,IN,2022-07-12 17:39:30,16.4833,81.8333,76.96,80,100,13.85
515,Belmopan,BZ,2022-07-12 17:34:35,17.25,-88.7667,89.98,56,87,8.59
516,Khuzhir,RU,2022-07-12 17:39:30,53.1939,107.3397,54.48,76,49,2.98
517,San Rafael Del Sur,NI,2022-07-12 17:39:31,11.8485,-86.4384,86.97,62,99,12.15
518,Tabuk,PH,2022-07-12 17:39:31,17.4189,121.4443,75.15,90,99,2.21
519,Porto Torres,IT,2022-07-12 17:39:32,40.835,8.3972,86.18,61,0,4.34
520,Mirpur Mathelo,PK,2022-07-12 17:39:33,28.0227,69.5489,98.19,41,41,8.28
521,Aghavnadzor,AM,2022-07-12 17:39:34,39.7822,45.2275,67.41,58,1,8.16
522,Salalah,OM,2022-07-12 17:39:34,17.0151,54.0924,78.89,89,100,5.75
523,Labis,MY,2022-07-12 17:39:34,2.385,103.021,74.84,93,100,1.95
524,Wakkanai,JP,2022-07-12 17:39:35,45.4094,141.6739,63.9,97,100,9.19
525,Kargasok,RU,2022-07-12 17:39:35,59.0556,80.8572,56.3,61,60,4.99
526,Pekan,MY,2022-07-12 17:39:36,3.4836,103.3996,75.31,90,100,4.45
527,Ambon,ID,2022-07-12 17:39:37,-3.6954,128.1814,77.23,16,40,2.3
528,Salinas,US,2022-07-12 17:39:31,36.6777,-121.6555,66.81,74,100,8.05
529,Mehran,IR,2022-07-12 17:39:38,33.1222,46.1646,99.21,13,47,13.02
530,Lakes Entrance,AU,2022-07-12 17:39:38,-37.8811,147.981,46.17,90,100,11.36
531,Holly Hill,US,2022-07-12 17:39:39,29.2436,-81.0376,95.16,73,40,6.91
532,Vestmannaeyjar,IS,2022-07-12 17:36:34,63.4427,-20.2734,56.39,71,40,18.41
533,Corinth,GR,2022-07-12 17:39:39,37.9407,22.9573,83.41,51,21,6.82
534,Rawa Mazowiecka,PL,2022-07-12 17:39:40,51.7644,20.2549,69.49,47,100,17.36
535,Livani,LV,2022-07-12 17:39:41,56.3543,26.1758,61.75,85,52,7.85
536,Namatanai,PG,2022-07-12 17:39:42,-3.6667,152.4333,78.8,82,35,6.73
537,Moussoro,TD,2022-07-12 17:39:42,13.6408,16.4901,99.27,21,94,6.73
538,Palmas,BR,2022-07-12 17:39:43,-10.2128,-48.3603,89.47,35,0,6.91
539,Buin,CL,2022-07-12 17:34:47,-33.7333,-70.75,62.42,34,60,2.46
540,Bilma,NE,2022-07-12 17:39:43,18.6853,12.9164,102.02,11,63,12.39
541,Calabozo,VE,2022-07-12 17:39:44,8.9242,-67.4293,80.4,78,75,8.81
542,Katima Mulilo,NA,2022-07-12 17:39:45,-17.5,24.2667,63.19,36,7,6.24
543,Tuy Hoa,VN,2022-07-12 17:39:46,13.0833,109.3,76.68,92,94,5.08
544,Tiko,CM,2022-07-12 17:39:46,4.0745,9.3699,75.9,91,90,5.46
545,Lexington Park,US,2022-07-12 17:39:47,38.2668,-76.4538,89.1,64,0,11.5
546,Severo-Yeniseyskiy,RU,2022-07-12 17:39:47,60.3725,93.0408,47.37,90,99,1.52
547,Belyy Yar,RU,2022-07-12 17:39:47,53.6039,91.3903,58.89,69,0,2.24
548,Bac Lieu,VN,2022-07-12 17:39:48,9.285,105.7244,76.69,93,100,18.43
549,Caucel,MX,2022-07-12 17:39:48,21.0167,-89.7167,87.87,66,100,9.22
550,Ereymentau,KZ,2022-07-12 17:39:49,51.6199,73.1033,66.07,50,1,6.51
551,Pitiquito,MX,2022-07-12 17:39:50,30.7,-112.0833,93.92,38,95,7.43
